image,steer
IMG/000002.jpg,0
IMG/000003.jpg,0
IMG/000004.jpg,0
IMG/000005.jpg,0
IMG/000006.jpg,0
IMG/000007.jpg,0
IMG/000008.jpg,0
IMG/000009.jpg,0
IMG/000010.jpg,0
IMG/000011.jpg,0
IMG/000012.jpg,0
IMG/000013.jpg,0
IMG/000014.jpg,0
IMG/000015.jpg,0
IMG/000016.jpg,0
IMG/000017.jpg,0
IMG/000018.jpg,0
IMG/000019.jpg,0
IMG/000020.jpg,0
IMG/000021.jpg,0
IMG/000022.jpg,0
IMG/000023.jpg,0
IMG/000024.jpg,0
IMG/000025.jpg,0
IMG/000026.jpg,0
IMG/000027.jpg,0
IMG/000028.jpg,0
IMG/000029.jpg,0
IMG/000030.jpg,0
IMG/000031.jpg,0
IMG/000032.jpg,0
IMG/000033.jpg,0
IMG/000034.jpg,379
IMG/000035.jpg,878
IMG/000036.jpg,1455
IMG/000037.jpg,5422
IMG/000038.jpg,1802
IMG/000039.jpg,0
IMG/000040.jpg,0
IMG/000041.jpg,0
IMG/000042.jpg,0
IMG/000043.jpg,0
IMG/000044.jpg,0
IMG/000045.jpg,0
IMG/000046.jpg,0
IMG/000047.jpg,0
IMG/000048.jpg,0
IMG/000049.jpg,0
IMG/000050.jpg,0
IMG/000051.jpg,0
IMG/000052.jpg,0
IMG/000053.jpg,0
IMG/000054.jpg,-13046
IMG/000055.jpg,-32767
IMG/000056.jpg,-32767
IMG/000057.jpg,-32767
IMG/000058.jpg,-32767
IMG/000059.jpg,-32767
IMG/000060.jpg,-32767
IMG/000061.jpg,-32767
IMG/000062.jpg,-32767
IMG/000063.jpg,-32767
IMG/000064.jpg,-32767
IMG/000065.jpg,-32767
IMG/000066.jpg,-32767
IMG/000067.jpg,-32767
IMG/000068.jpg,-32767
IMG/000069.jpg,-32767
IMG/000070.jpg,-32767
IMG/000071.jpg,-32767
IMG/000072.jpg,-32767
IMG/000073.jpg,-32767
IMG/000074.jpg,-32767
IMG/000075.jpg,-32767
IMG/000076.jpg,-32767
IMG/000077.jpg,-32767
IMG/000078.jpg,-32767
IMG/000079.jpg,-32767
IMG/000080.jpg,-32767
IMG/000081.jpg,-32767
IMG/000082.jpg,-32767
IMG/000083.jpg,-32767
IMG/000084.jpg,-10994
IMG/000085.jpg,0
IMG/000086.jpg,0
IMG/000087.jpg,0
IMG/000088.jpg,0
IMG/000089.jpg,0
IMG/000090.jpg,-29988
IMG/000091.jpg,-32767
IMG/000092.jpg,-32767
IMG/000093.jpg,-32767
IMG/000094.jpg,-32767
IMG/000095.jpg,-32767
IMG/000096.jpg,-32767
IMG/000097.jpg,-32767
IMG/000098.jpg,-32767
IMG/000099.jpg,-32767
IMG/000100.jpg,-32767
IMG/000101.jpg,-32767
IMG/000102.jpg,-32767
IMG/000103.jpg,-32767
IMG/000104.jpg,-27194
IMG/000105.jpg,0
IMG/000106.jpg,0
IMG/000107.jpg,0
IMG/000108.jpg,0
IMG/000109.jpg,0
IMG/000110.jpg,0
IMG/000111.jpg,0
IMG/000112.jpg,0
IMG/000113.jpg,0
IMG/000114.jpg,0
IMG/000115.jpg,0
IMG/000116.jpg,0
IMG/000117.jpg,0
IMG/000118.jpg,0
IMG/000119.jpg,0
IMG/000120.jpg,0
IMG/000121.jpg,0
IMG/000122.jpg,0
IMG/000123.jpg,0
IMG/000124.jpg,0
IMG/000125.jpg,0
IMG/000126.jpg,0
IMG/000127.jpg,0
IMG/000128.jpg,0
IMG/000129.jpg,0
IMG/000130.jpg,0
IMG/000131.jpg,-1174
IMG/000132.jpg,-2658
IMG/000133.jpg,-4898
IMG/000134.jpg,-5106
IMG/000135.jpg,-5106
IMG/000136.jpg,-5106
IMG/000137.jpg,-5106
IMG/000138.jpg,0
IMG/000139.jpg,0
IMG/000140.jpg,0
IMG/000141.jpg,0
IMG/000142.jpg,0
IMG/000143.jpg,-11653
IMG/000144.jpg,-23738
IMG/000145.jpg,-25748
IMG/000146.jpg,-26128
IMG/000147.jpg,-26128
IMG/000148.jpg,-25579
IMG/000149.jpg,-25372
IMG/000150.jpg,-25372
IMG/000151.jpg,-25372
IMG/000152.jpg,-25290
IMG/000153.jpg,-25290
IMG/000154.jpg,-25290
IMG/000155.jpg,-25290
IMG/000156.jpg,-25290
IMG/000157.jpg,-25290
IMG/000158.jpg,-24306
IMG/000159.jpg,-21003
IMG/000160.jpg,-20446
IMG/000161.jpg,-20446
IMG/000162.jpg,-22264
IMG/000163.jpg,-22548
IMG/000164.jpg,-22548
IMG/000165.jpg,-22548
IMG/000166.jpg,-22548
IMG/000167.jpg,-22548
IMG/000168.jpg,-22350
IMG/000169.jpg,-19229
IMG/000170.jpg,-18773
IMG/000171.jpg,-18773
IMG/000172.jpg,-23416
IMG/000173.jpg,-24695
IMG/000174.jpg,-24776
IMG/000175.jpg,-26823
IMG/000176.jpg,-32767
IMG/000177.jpg,-32767
IMG/000178.jpg,-32767
IMG/000179.jpg,-32767
IMG/000180.jpg,-32767
IMG/000181.jpg,-32767
IMG/000182.jpg,-32767
IMG/000183.jpg,-32767
IMG/000184.jpg,-32767
IMG/000185.jpg,-32767
IMG/000186.jpg,-32767
IMG/000187.jpg,-32767
IMG/000188.jpg,-32767
IMG/000189.jpg,-32767
IMG/000190.jpg,-32767
IMG/000191.jpg,-7933
IMG/000192.jpg,0
IMG/000193.jpg,0
IMG/000194.jpg,0
IMG/000195.jpg,0
IMG/000196.jpg,0
IMG/000197.jpg,0
IMG/000198.jpg,0
IMG/000199.jpg,0
IMG/000200.jpg,0
IMG/000201.jpg,0
IMG/000202.jpg,0
IMG/000203.jpg,0
IMG/000204.jpg,0
IMG/000205.jpg,0
IMG/000206.jpg,0
IMG/000207.jpg,0
IMG/000208.jpg,0
IMG/000209.jpg,0
IMG/000210.jpg,0
IMG/000211.jpg,0
IMG/000212.jpg,0
IMG/000213.jpg,0
IMG/000214.jpg,0
IMG/000215.jpg,0
IMG/000216.jpg,0
IMG/000217.jpg,0
IMG/000218.jpg,0
IMG/000219.jpg,0
IMG/000220.jpg,0
IMG/000221.jpg,0
IMG/000222.jpg,-5885
IMG/000223.jpg,-10883
IMG/000224.jpg,-17753
IMG/000225.jpg,-18238
IMG/000226.jpg,-18589
IMG/000227.jpg,-19591
IMG/000228.jpg,-19830
IMG/000229.jpg,-19830
IMG/000230.jpg,-19830
IMG/000231.jpg,-23262
IMG/000232.jpg,-32767
IMG/000233.jpg,-32767
IMG/000234.jpg,-32767
IMG/000235.jpg,-32767
IMG/000236.jpg,-32767
IMG/000237.jpg,-32767
IMG/000238.jpg,-32767
IMG/000239.jpg,-32767
IMG/000240.jpg,-32767
IMG/000241.jpg,-32767
IMG/000242.jpg,-32767
IMG/000243.jpg,-32767
IMG/000244.jpg,-32767
IMG/000245.jpg,-32767
IMG/000246.jpg,-32767
IMG/000247.jpg,-32767
IMG/000248.jpg,-32767
IMG/000249.jpg,-25671
IMG/000250.jpg,-18974
IMG/000251.jpg,-16321
IMG/000252.jpg,-12845
IMG/000253.jpg,-12645
IMG/000254.jpg,-16252
IMG/000255.jpg,-24607
IMG/000256.jpg,-25011
IMG/000257.jpg,-26619
IMG/000258.jpg,-27027
IMG/000259.jpg,-27106
IMG/000260.jpg,-27106
IMG/000261.jpg,-27106
IMG/000262.jpg,-29316
IMG/000263.jpg,-31759
IMG/000264.jpg,-32767
IMG/000265.jpg,-32767
IMG/000266.jpg,-31504
IMG/000267.jpg,-28513
IMG/000268.jpg,-28005
IMG/000269.jpg,-26175
IMG/000270.jpg,-22154
IMG/000271.jpg,-16662
IMG/000272.jpg,-11300
IMG/000273.jpg,-10241
IMG/000274.jpg,-9956
IMG/000275.jpg,-10012
IMG/000276.jpg,-12229
IMG/000277.jpg,-16410
IMG/000278.jpg,0
IMG/000279.jpg,0
IMG/000280.jpg,0
IMG/000281.jpg,0
IMG/000282.jpg,0
IMG/000283.jpg,0
IMG/000284.jpg,0
IMG/000285.jpg,0
IMG/000286.jpg,0
IMG/000287.jpg,0
IMG/000288.jpg,0
IMG/000289.jpg,0
IMG/000290.jpg,0
IMG/000291.jpg,0
IMG/000292.jpg,0
IMG/000293.jpg,0
IMG/000294.jpg,0
IMG/000295.jpg,0
IMG/000296.jpg,0
IMG/000297.jpg,0
IMG/000298.jpg,0
IMG/000299.jpg,0
IMG/000300.jpg,0
IMG/000301.jpg,0
IMG/000302.jpg,0
IMG/000303.jpg,0
IMG/000304.jpg,0
IMG/000305.jpg,0
IMG/000306.jpg,0
IMG/000307.jpg,0
IMG/000308.jpg,0
IMG/000309.jpg,0
IMG/000310.jpg,0
IMG/000311.jpg,0
IMG/000312.jpg,0
IMG/000313.jpg,-8267
IMG/000314.jpg,-12461
IMG/000315.jpg,-12705
IMG/000316.jpg,-12705
IMG/000317.jpg,-12705
IMG/000318.jpg,-15740
IMG/000319.jpg,-18347
IMG/000320.jpg,-18743
IMG/000321.jpg,-21994
IMG/000322.jpg,-24622
IMG/000323.jpg,-32767
IMG/000324.jpg,-32767
IMG/000325.jpg,-32767
IMG/000326.jpg,-32767
IMG/000327.jpg,-32767
IMG/000328.jpg,-32767
IMG/000329.jpg,-32767
IMG/000330.jpg,-32767
IMG/000331.jpg,-32767
IMG/000332.jpg,-32767
IMG/000333.jpg,-32767
IMG/000334.jpg,-32767
IMG/000335.jpg,-32767
IMG/000336.jpg,-32767
IMG/000337.jpg,-32767
IMG/000338.jpg,-32767
IMG/000339.jpg,-32767
IMG/000340.jpg,-32767
IMG/000341.jpg,-32767
IMG/000342.jpg,-32767
IMG/000343.jpg,-32767
IMG/000344.jpg,-32767
IMG/000345.jpg,-32767
IMG/000346.jpg,-32767
IMG/000347.jpg,-29440
IMG/000348.jpg,-20182
IMG/000349.jpg,-9752
IMG/000350.jpg,-5038
IMG/000351.jpg,-4212
IMG/000352.jpg,-12909
IMG/000353.jpg,-23836
IMG/000354.jpg,-30097
IMG/000355.jpg,-32767
IMG/000356.jpg,-32767
IMG/000357.jpg,-32767
IMG/000358.jpg,-32767
IMG/000359.jpg,-32767
IMG/000360.jpg,-32767
IMG/000361.jpg,-32767
IMG/000362.jpg,-32767
IMG/000363.jpg,-32767
IMG/000364.jpg,-32767
IMG/000365.jpg,-16693
IMG/000366.jpg,-7332
IMG/000367.jpg,-4676
IMG/000368.jpg,0
IMG/000369.jpg,0
IMG/000370.jpg,0
IMG/000371.jpg,0
IMG/000372.jpg,0
IMG/000373.jpg,0
IMG/000374.jpg,-2543
IMG/000375.jpg,-2972
IMG/000376.jpg,-2972
IMG/000377.jpg,-332
IMG/000378.jpg,-54
IMG/000379.jpg,0
IMG/000380.jpg,0
IMG/000381.jpg,0
IMG/000382.jpg,0
IMG/000383.jpg,0
IMG/000384.jpg,-902
IMG/000385.jpg,-2151
IMG/000386.jpg,-2300
IMG/000387.jpg,-2786
IMG/000388.jpg,-2786
IMG/000389.jpg,-1660
IMG/000390.jpg,0
IMG/000391.jpg,0
IMG/000392.jpg,0
IMG/000393.jpg,0
IMG/000394.jpg,0
IMG/000395.jpg,0
IMG/000396.jpg,0
IMG/000397.jpg,0
IMG/000398.jpg,0
IMG/000399.jpg,-2331
IMG/000400.jpg,-5983
IMG/000401.jpg,-6768
IMG/000402.jpg,-9740
IMG/000403.jpg,-9801
IMG/000404.jpg,-9801
IMG/000405.jpg,-9801
IMG/000406.jpg,-9875
IMG/000407.jpg,-10966
IMG/000408.jpg,-11982
IMG/000409.jpg,-12318
IMG/000410.jpg,-12318
IMG/000411.jpg,-12318
IMG/000412.jpg,-12318
IMG/000413.jpg,-16005
IMG/000414.jpg,-31164
IMG/000415.jpg,-30715
IMG/000416.jpg,-30715
IMG/000417.jpg,-32767
IMG/000418.jpg,-32767
IMG/000419.jpg,-32767
IMG/000420.jpg,-32767
IMG/000421.jpg,-32767
IMG/000422.jpg,-32767
IMG/000423.jpg,-32767
IMG/000424.jpg,-32767
IMG/000425.jpg,-32767
IMG/000426.jpg,-32767
IMG/000427.jpg,-32767
IMG/000428.jpg,-23788
IMG/000429.jpg,-24547
IMG/000430.jpg,-24932
IMG/000431.jpg,-25106
IMG/000432.jpg,-25258
IMG/000433.jpg,-25258
IMG/000434.jpg,-25258
IMG/000435.jpg,-25258
IMG/000436.jpg,-25208
IMG/000437.jpg,-25142
IMG/000438.jpg,-25142
IMG/000439.jpg,-25142
IMG/000440.jpg,-24068
IMG/000441.jpg,-21742
IMG/000442.jpg,-20390
IMG/000443.jpg,-15577
IMG/000444.jpg,-14870
IMG/000445.jpg,-12802
IMG/000446.jpg,-11712
IMG/000447.jpg,-11438
IMG/000448.jpg,-11438
IMG/000449.jpg,-11568
IMG/000450.jpg,-5684
IMG/000451.jpg,0
IMG/000452.jpg,0
IMG/000453.jpg,0
IMG/000454.jpg,0
IMG/000455.jpg,0
IMG/000456.jpg,0
IMG/000457.jpg,0
IMG/000458.jpg,0
IMG/000459.jpg,0
IMG/000460.jpg,0
IMG/000461.jpg,0
IMG/000462.jpg,0
IMG/000463.jpg,0
IMG/000464.jpg,0
IMG/000465.jpg,0
IMG/000466.jpg,0
IMG/000467.jpg,0
IMG/000468.jpg,0
IMG/000469.jpg,0
IMG/000470.jpg,0
IMG/000471.jpg,0
IMG/000472.jpg,0
IMG/000473.jpg,0
IMG/000474.jpg,0
IMG/000475.jpg,0
IMG/000476.jpg,0
IMG/000477.jpg,0
IMG/000478.jpg,0
IMG/000479.jpg,0
IMG/000480.jpg,0
IMG/000481.jpg,0
IMG/000482.jpg,0
IMG/000483.jpg,-2511
IMG/000484.jpg,-5152
IMG/000485.jpg,-6304
IMG/000486.jpg,-7023
IMG/000487.jpg,-7912
IMG/000488.jpg,-12158
IMG/000489.jpg,-14805
IMG/000490.jpg,-32767
IMG/000491.jpg,-32767
IMG/000492.jpg,-32767
IMG/000493.jpg,-32767
IMG/000494.jpg,-32767
IMG/000495.jpg,-32767
IMG/000496.jpg,-32767
IMG/000497.jpg,-32767
IMG/000498.jpg,-32767
IMG/000499.jpg,-32767
IMG/000500.jpg,-32767
IMG/000501.jpg,-32767
IMG/000502.jpg,-32767
IMG/000503.jpg,-32767
IMG/000504.jpg,-32767
IMG/000505.jpg,-32767
IMG/000506.jpg,-28051
IMG/000507.jpg,-27672
IMG/000508.jpg,-27599
IMG/000509.jpg,-27599
IMG/000510.jpg,-27599
IMG/000511.jpg,-24423
IMG/000512.jpg,-23939
IMG/000513.jpg,-18663
IMG/000514.jpg,-16943
IMG/000515.jpg,-13782
IMG/000516.jpg,-13316
IMG/000517.jpg,-13316
IMG/000518.jpg,-13316
IMG/000519.jpg,-13316
IMG/000520.jpg,-16374
IMG/000521.jpg,-24116
IMG/000522.jpg,-24471
IMG/000523.jpg,-24551
IMG/000524.jpg,-25012
IMG/000525.jpg,-29769
IMG/000526.jpg,-30259
IMG/000527.jpg,-30667
IMG/000528.jpg,-31755
IMG/000529.jpg,-32767
IMG/000530.jpg,-32767
IMG/000531.jpg,-32767
IMG/000532.jpg,-32767
IMG/000533.jpg,-32767
IMG/000534.jpg,-32767
IMG/000535.jpg,-32767
IMG/000536.jpg,-32767
IMG/000537.jpg,-32767
IMG/000538.jpg,-29589
IMG/000539.jpg,-15808
IMG/000540.jpg,-13077
IMG/000541.jpg,-5391
IMG/000542.jpg,0
IMG/000543.jpg,0
IMG/000544.jpg,0
IMG/000545.jpg,0
IMG/000546.jpg,0
IMG/000547.jpg,0
IMG/000548.jpg,0
IMG/000549.jpg,0
IMG/000550.jpg,0
IMG/000551.jpg,0
IMG/000552.jpg,0
IMG/000553.jpg,0
IMG/000554.jpg,0
IMG/000555.jpg,0
IMG/000556.jpg,1121
IMG/000557.jpg,4825
IMG/000558.jpg,4711
IMG/000559.jpg,4711
IMG/000560.jpg,4371
IMG/000561.jpg,2210
IMG/000562.jpg,0
IMG/000563.jpg,0
IMG/000564.jpg,0
IMG/000565.jpg,0
IMG/000566.jpg,0
IMG/000567.jpg,0
IMG/000568.jpg,0
IMG/000569.jpg,0
IMG/000570.jpg,0
IMG/000571.jpg,0
IMG/000572.jpg,0
IMG/000573.jpg,0
IMG/000574.jpg,0
IMG/000575.jpg,0
IMG/000576.jpg,0
IMG/000577.jpg,-464
IMG/000578.jpg,-4340
IMG/000579.jpg,-6047
IMG/000580.jpg,-11600
IMG/000581.jpg,-16431
IMG/000582.jpg,-16658
IMG/000583.jpg,-16819
IMG/000584.jpg,-17626
IMG/000585.jpg,-18081
IMG/000586.jpg,-21433
IMG/000587.jpg,-24590
IMG/000588.jpg,-24740
IMG/000589.jpg,-32767
IMG/000590.jpg,-32767
IMG/000591.jpg,-32767
IMG/000592.jpg,-32767
IMG/000593.jpg,-32767
IMG/000594.jpg,-32767
IMG/000595.jpg,-32767
IMG/000596.jpg,-32767
IMG/000597.jpg,-32767
IMG/000598.jpg,-32767
IMG/000599.jpg,-32767
IMG/000600.jpg,-32767
IMG/000601.jpg,-32767
IMG/000602.jpg,-32767
IMG/000603.jpg,-32767
IMG/000604.jpg,-18897
IMG/000605.jpg,-18897
IMG/000606.jpg,-19327
IMG/000607.jpg,-22999
IMG/000608.jpg,-24595
IMG/000609.jpg,-24595
IMG/000610.jpg,-24595
IMG/000611.jpg,-25582
IMG/000612.jpg,-27078
IMG/000613.jpg,-27158
IMG/000614.jpg,-27238
IMG/000615.jpg,-27238
IMG/000616.jpg,-25618
IMG/000617.jpg,-25023
IMG/000618.jpg,-24339
IMG/000619.jpg,-21177
IMG/000620.jpg,-20881
IMG/000621.jpg,-16778
IMG/000622.jpg,-5921
IMG/000623.jpg,-471
IMG/000624.jpg,0
IMG/000625.jpg,0
IMG/000626.jpg,0
IMG/000627.jpg,0
IMG/000628.jpg,0
IMG/000629.jpg,0
IMG/000630.jpg,0
IMG/000631.jpg,0
IMG/000632.jpg,0
IMG/000633.jpg,0
IMG/000634.jpg,0
IMG/000635.jpg,0
IMG/000636.jpg,0
IMG/000637.jpg,0
IMG/000638.jpg,-436
IMG/000639.jpg,-1031
IMG/000640.jpg,-1570
IMG/000641.jpg,-5426
IMG/000642.jpg,-5400
IMG/000643.jpg,-5218
IMG/000644.jpg,-1439
IMG/000645.jpg,0
IMG/000646.jpg,0
IMG/000647.jpg,0
IMG/000648.jpg,0
IMG/000649.jpg,0
IMG/000650.jpg,0
IMG/000651.jpg,0
IMG/000652.jpg,0
IMG/000653.jpg,0
IMG/000654.jpg,0
IMG/000655.jpg,0
IMG/000656.jpg,0
IMG/000657.jpg,0
IMG/000658.jpg,0
IMG/000659.jpg,0
IMG/000660.jpg,0
IMG/000661.jpg,-1662
IMG/000662.jpg,-8571
IMG/000663.jpg,-11202
IMG/000664.jpg,-11353
IMG/000665.jpg,-11353
IMG/000666.jpg,-11353
IMG/000667.jpg,-13110
IMG/000668.jpg,-17703
IMG/000669.jpg,-19135
IMG/000670.jpg,-24758
IMG/000671.jpg,-31289
IMG/000672.jpg,-32601
IMG/000673.jpg,-32767
IMG/000674.jpg,-32767
IMG/000675.jpg,-32767
IMG/000676.jpg,-32767
IMG/000677.jpg,-32767
IMG/000678.jpg,-32767
IMG/000679.jpg,-32767
IMG/000680.jpg,-32767
IMG/000681.jpg,-32767
IMG/000682.jpg,-32767
IMG/000683.jpg,-32767
IMG/000684.jpg,-32767
IMG/000685.jpg,-32767
IMG/000686.jpg,-32767
IMG/000687.jpg,-32767
IMG/000688.jpg,-32767
IMG/000689.jpg,-32767
IMG/000690.jpg,-32767
IMG/000691.jpg,-32767
IMG/000692.jpg,-32767
IMG/000693.jpg,-32767
IMG/000694.jpg,-28087
IMG/000695.jpg,-29935
IMG/000696.jpg,-30015
IMG/000697.jpg,-27096
IMG/000698.jpg,-25394
IMG/000699.jpg,-20742
IMG/000700.jpg,-11770
IMG/000701.jpg,-3819
IMG/000702.jpg,-2723
IMG/000703.jpg,-2364
IMG/000704.jpg,-2364
IMG/000705.jpg,-2774
IMG/000706.jpg,-3644
IMG/000707.jpg,-7629
IMG/000708.jpg,-6864
IMG/000709.jpg,-6608
IMG/000710.jpg,0
IMG/000711.jpg,0
IMG/000712.jpg,0
IMG/000713.jpg,0
IMG/000714.jpg,0
IMG/000715.jpg,0
IMG/000716.jpg,0
IMG/000717.jpg,0
IMG/000718.jpg,0
IMG/000719.jpg,-6
IMG/000720.jpg,-1692
IMG/000721.jpg,-2019
IMG/000722.jpg,-2354
IMG/000723.jpg,-3744
IMG/000724.jpg,-4104
IMG/000725.jpg,-4104
IMG/000726.jpg,-4104
IMG/000727.jpg,-4448
IMG/000728.jpg,-4911
IMG/000729.jpg,-5947
IMG/000730.jpg,-7640
IMG/000731.jpg,-7895
IMG/000732.jpg,-7895
IMG/000733.jpg,-884
IMG/000734.jpg,0
IMG/000735.jpg,0
IMG/000736.jpg,0
IMG/000737.jpg,0
IMG/000738.jpg,0
IMG/000739.jpg,0
IMG/000740.jpg,0
IMG/000741.jpg,-3556
IMG/000742.jpg,-4664
IMG/000743.jpg,-6464
IMG/000744.jpg,-7661
IMG/000745.jpg,-8220
IMG/000746.jpg,-8541
IMG/000747.jpg,-12608
IMG/000748.jpg,-15538
IMG/000749.jpg,-15778
IMG/000750.jpg,-15850
IMG/000751.jpg,-15850
IMG/000752.jpg,-15926
IMG/000753.jpg,-18091
IMG/000754.jpg,-20026
IMG/000755.jpg,-22079
IMG/000756.jpg,-24270
IMG/000757.jpg,-24608
IMG/000758.jpg,-24608
IMG/000759.jpg,-24768
IMG/000760.jpg,-26283
IMG/000761.jpg,-32767
IMG/000762.jpg,-32767
IMG/000763.jpg,-32767
IMG/000764.jpg,-32767
IMG/000765.jpg,-32767
IMG/000766.jpg,-31257
IMG/000767.jpg,-30827
IMG/000768.jpg,-30647
IMG/000769.jpg,-28855
IMG/000770.jpg,-28003
IMG/000771.jpg,-27412
IMG/000772.jpg,-25560
IMG/000773.jpg,-25158
IMG/000774.jpg,-21217
IMG/000775.jpg,-22143
IMG/000776.jpg,-20219
IMG/000777.jpg,-19655
IMG/000778.jpg,-19386
IMG/000779.jpg,-18711
IMG/000780.jpg,-23479
IMG/000781.jpg,-29100
IMG/000782.jpg,-28948
IMG/000783.jpg,-28776
IMG/000784.jpg,-28776
IMG/000785.jpg,-28703
IMG/000786.jpg,-28703
IMG/000787.jpg,-28703
IMG/000788.jpg,-28027
IMG/000789.jpg,-28027
IMG/000790.jpg,-28027
IMG/000791.jpg,-28027
IMG/000792.jpg,-28027
IMG/000793.jpg,-27945
IMG/000794.jpg,-27945
IMG/000795.jpg,-24250
IMG/000796.jpg,-11882
IMG/000797.jpg,-1238
IMG/000798.jpg,-258
IMG/000799.jpg,0
IMG/000800.jpg,0
IMG/000801.jpg,0
IMG/000802.jpg,0
IMG/000803.jpg,0
IMG/000804.jpg,0
IMG/000805.jpg,0
IMG/000806.jpg,0
IMG/000807.jpg,0
IMG/000808.jpg,0
IMG/000809.jpg,0
IMG/000810.jpg,0
IMG/000811.jpg,0
IMG/000812.jpg,-918
IMG/000813.jpg,0
IMG/000814.jpg,0
IMG/000815.jpg,0
IMG/000816.jpg,0
IMG/000817.jpg,0
IMG/000818.jpg,-43
IMG/000819.jpg,-222
IMG/000820.jpg,-167
IMG/000821.jpg,-167
IMG/000822.jpg,-167
IMG/000823.jpg,-624
IMG/000824.jpg,-916
IMG/000825.jpg,-995
IMG/000826.jpg,-1079
IMG/000827.jpg,-1164
IMG/000828.jpg,-5795
IMG/000829.jpg,-7900
IMG/000830.jpg,-7968
IMG/000831.jpg,-7968
IMG/000832.jpg,-8041
IMG/000833.jpg,-8041
IMG/000834.jpg,-8041
IMG/000835.jpg,-19414
IMG/000836.jpg,-19763
IMG/000837.jpg,-22314
IMG/000838.jpg,-25807
IMG/000839.jpg,-27155
IMG/000840.jpg,-27230
IMG/000841.jpg,-27230
IMG/000842.jpg,-27673
IMG/000843.jpg,-29184
IMG/000844.jpg,-31492
IMG/000845.jpg,-32767
IMG/000846.jpg,-32767
IMG/000847.jpg,-32767
IMG/000848.jpg,-32767
IMG/000849.jpg,-32767
IMG/000850.jpg,-32767
IMG/000851.jpg,-32767
IMG/000852.jpg,-32767
IMG/000853.jpg,-32767
IMG/000854.jpg,-32767
IMG/000855.jpg,-32767
IMG/000856.jpg,-32767
IMG/000857.jpg,-32767
IMG/000858.jpg,-32767
IMG/000859.jpg,-32767
IMG/000860.jpg,-32767
IMG/000861.jpg,-32767
IMG/000862.jpg,-29225
IMG/000863.jpg,-28079
IMG/000864.jpg,-28004
IMG/000865.jpg,-28004
IMG/000866.jpg,-25118
IMG/000867.jpg,-25040
IMG/000868.jpg,-25040
IMG/000869.jpg,-24642
IMG/000870.jpg,-21935
IMG/000871.jpg,-20163
IMG/000872.jpg,-19265
IMG/000873.jpg,-18279
IMG/000874.jpg,-17798
IMG/000875.jpg,-17798
IMG/000876.jpg,-15382
IMG/000877.jpg,-6087
IMG/000878.jpg,0
IMG/000879.jpg,0
IMG/000880.jpg,0
IMG/000881.jpg,0
IMG/000882.jpg,0
IMG/000883.jpg,4142
IMG/000884.jpg,5848
IMG/000885.jpg,11413
IMG/000886.jpg,12929
IMG/000887.jpg,0
IMG/000888.jpg,0
IMG/000889.jpg,0
IMG/000890.jpg,0
IMG/000891.jpg,0
IMG/000892.jpg,0
IMG/000893.jpg,0
IMG/000894.jpg,0
IMG/000895.jpg,0
IMG/000896.jpg,0
IMG/000897.jpg,0
IMG/000898.jpg,0
IMG/000899.jpg,0
IMG/000900.jpg,0
IMG/000901.jpg,0
IMG/000902.jpg,0
IMG/000903.jpg,0
IMG/000904.jpg,-307
IMG/000905.jpg,-1392
IMG/000906.jpg,-1706
IMG/000907.jpg,-2674
IMG/000908.jpg,-2955
IMG/000909.jpg,-3032
IMG/000910.jpg,-3111
IMG/000911.jpg,-4702
IMG/000912.jpg,-5083
IMG/000913.jpg,-5159
IMG/000914.jpg,-5159
IMG/000915.jpg,-8208
IMG/000916.jpg,-10679
IMG/000917.jpg,-10811
IMG/000918.jpg,-9415
IMG/000919.jpg,-9133
IMG/000920.jpg,-9336
IMG/000921.jpg,-10481
IMG/000922.jpg,-19566
IMG/000923.jpg,-23147
IMG/000924.jpg,-25503
IMG/000925.jpg,-27127
IMG/000926.jpg,-27771
IMG/000927.jpg,-28048
IMG/000928.jpg,-28048
IMG/000929.jpg,-28280
IMG/000930.jpg,-28693
IMG/000931.jpg,-28693
IMG/000932.jpg,-28693
IMG/000933.jpg,-28693
IMG/000934.jpg,-29700
IMG/000935.jpg,-30188
IMG/000936.jpg,-29708
IMG/000937.jpg,-28475
IMG/000938.jpg,-28009
IMG/000939.jpg,-26918
IMG/000940.jpg,-25331
IMG/000941.jpg,-25331
IMG/000942.jpg,-25331
IMG/000943.jpg,-25331
IMG/000944.jpg,-25254
IMG/000945.jpg,-25076
IMG/000946.jpg,-25076
IMG/000947.jpg,-25076
IMG/000948.jpg,-25076
IMG/000949.jpg,-20187
IMG/000950.jpg,-19299
IMG/000951.jpg,-19221
IMG/000952.jpg,-19221
IMG/000953.jpg,-19742
IMG/000954.jpg,-17714
IMG/000955.jpg,-17773
IMG/000956.jpg,-21697
IMG/000957.jpg,-24319
IMG/000958.jpg,-24638
IMG/000959.jpg,-25207
IMG/000960.jpg,-27154
IMG/000961.jpg,-28071
IMG/000962.jpg,-28832
IMG/000963.jpg,-30365
IMG/000964.jpg,-30505
IMG/000965.jpg,-30505
IMG/000966.jpg,-30661
IMG/000967.jpg,-21263
IMG/000968.jpg,-13997
IMG/000969.jpg,-12648
IMG/000970.jpg,-12648
IMG/000971.jpg,-867
IMG/000972.jpg,0
IMG/000973.jpg,0
IMG/000974.jpg,0
IMG/000975.jpg,0
IMG/000976.jpg,-1682
IMG/000977.jpg,-1926
IMG/000978.jpg,0
IMG/000979.jpg,0
IMG/000980.jpg,0
IMG/000981.jpg,0
IMG/000982.jpg,0
IMG/000983.jpg,0
IMG/000984.jpg,0
IMG/000985.jpg,0
IMG/000986.jpg,0
IMG/000987.jpg,0
IMG/000988.jpg,0
IMG/000989.jpg,0
IMG/000990.jpg,0
IMG/000991.jpg,0
IMG/000992.jpg,0
IMG/000993.jpg,0
IMG/000994.jpg,0
IMG/000995.jpg,0
IMG/000996.jpg,0
IMG/000997.jpg,0
IMG/000998.jpg,-3228
IMG/000999.jpg,-7272
IMG/001000.jpg,-7765
IMG/001001.jpg,-10876
IMG/001002.jpg,-12721
IMG/001003.jpg,-17234
IMG/001004.jpg,-19538
IMG/001005.jpg,-20405
IMG/001006.jpg,-22943
IMG/001007.jpg,-27107
IMG/001008.jpg,-27617
IMG/001009.jpg,-29840
IMG/001010.jpg,-30151
IMG/001011.jpg,-30471
IMG/001012.jpg,-30541
IMG/001013.jpg,-30541
IMG/001014.jpg,-30541
IMG/001015.jpg,-31860
IMG/001016.jpg,-32187
IMG/001017.jpg,-32252
IMG/001018.jpg,-32252
IMG/001019.jpg,-32252
IMG/001020.jpg,-32252
IMG/001021.jpg,-32252
IMG/001022.jpg,-32252
IMG/001023.jpg,-32252
IMG/001024.jpg,-32252
IMG/001025.jpg,-32252
IMG/001026.jpg,-32252
IMG/001027.jpg,-32252
IMG/001028.jpg,-32252
IMG/001029.jpg,-32252
IMG/001030.jpg,-32252
IMG/001031.jpg,-30484
IMG/001032.jpg,-29392
IMG/001033.jpg,-24275
IMG/001034.jpg,-18974
IMG/001035.jpg,-18774
IMG/001036.jpg,-18586
IMG/001037.jpg,-18157
IMG/001038.jpg,-17983
IMG/001039.jpg,-20093
IMG/001040.jpg,-23678
IMG/001041.jpg,-23831
IMG/001042.jpg,-23831
IMG/001043.jpg,-23831
IMG/001044.jpg,-21581
IMG/001045.jpg,-15718
IMG/001046.jpg,0
IMG/001047.jpg,0
IMG/001048.jpg,0
IMG/001049.jpg,0
IMG/001050.jpg,0
IMG/001051.jpg,-1720
IMG/001052.jpg,-2910
IMG/001053.jpg,-7259
IMG/001054.jpg,-7709
IMG/001055.jpg,-11462
IMG/001056.jpg,-12329
IMG/001057.jpg,-12329
IMG/001058.jpg,-12329
IMG/001059.jpg,-13256
IMG/001060.jpg,-14288
IMG/001061.jpg,-14761
IMG/001062.jpg,-14761
IMG/001063.jpg,-14761
IMG/001064.jpg,-13208
IMG/001065.jpg,0
IMG/001066.jpg,0
IMG/001067.jpg,0
IMG/001068.jpg,0
IMG/001069.jpg,0
IMG/001070.jpg,0
IMG/001071.jpg,0
IMG/001072.jpg,0
IMG/001073.jpg,0
IMG/001074.jpg,-32
IMG/001075.jpg,-8129
IMG/001076.jpg,-16902
IMG/001077.jpg,-18622
IMG/001078.jpg,-18695
IMG/001079.jpg,-18695
IMG/001080.jpg,-18695
IMG/001081.jpg,-18695
IMG/001082.jpg,-18695
IMG/001083.jpg,-18695
IMG/001084.jpg,-18649
IMG/001085.jpg,-16754
IMG/001086.jpg,-16537
IMG/001087.jpg,-16537
IMG/001088.jpg,-16537
IMG/001089.jpg,-16537
IMG/001090.jpg,-16598
IMG/001091.jpg,-16666
IMG/001092.jpg,-18209
IMG/001093.jpg,-16965
IMG/001094.jpg,-17695
IMG/001095.jpg,-17773
IMG/001096.jpg,-22983
IMG/001097.jpg,-28321
IMG/001098.jpg,-32767
IMG/001099.jpg,-32767
IMG/001100.jpg,-32767
IMG/001101.jpg,-32767
IMG/001102.jpg,-32767
IMG/001103.jpg,-32767
IMG/001104.jpg,-32767
IMG/001105.jpg,-32767
IMG/001106.jpg,-32767
IMG/001107.jpg,-32767
IMG/001108.jpg,-32767
IMG/001109.jpg,-32767
IMG/001110.jpg,-32767
IMG/001111.jpg,-32767
IMG/001112.jpg,-32767
IMG/001113.jpg,-32767
IMG/001114.jpg,-32767
IMG/001115.jpg,-32767
IMG/001116.jpg,-32767
IMG/001117.jpg,-32767
IMG/001118.jpg,-32767
IMG/001119.jpg,-32767
IMG/001120.jpg,-32767
IMG/001121.jpg,-32767
IMG/001122.jpg,-32767
IMG/001123.jpg,-32767
IMG/001124.jpg,-32012
IMG/001125.jpg,-23662
IMG/001126.jpg,-13166
IMG/001127.jpg,0
IMG/001128.jpg,0
IMG/001129.jpg,0
IMG/001130.jpg,-2166
IMG/001131.jpg,-4508
IMG/001132.jpg,-15157
IMG/001133.jpg,-16845
IMG/001134.jpg,-12933
IMG/001135.jpg,0
IMG/001136.jpg,0
IMG/001137.jpg,0
IMG/001138.jpg,0
IMG/001139.jpg,0
IMG/001140.jpg,0
IMG/001141.jpg,0
IMG/001142.jpg,0
IMG/001143.jpg,0
IMG/001144.jpg,0
IMG/001145.jpg,0
IMG/001146.jpg,0
IMG/001147.jpg,0
IMG/001148.jpg,0
IMG/001149.jpg,0
IMG/001150.jpg,0
IMG/001151.jpg,0
IMG/001152.jpg,0
IMG/001153.jpg,0
IMG/001154.jpg,0
IMG/001155.jpg,0
IMG/001156.jpg,0
IMG/001157.jpg,0
IMG/001158.jpg,0
IMG/001159.jpg,-2752
IMG/001160.jpg,-3586
IMG/001161.jpg,-3531
IMG/001162.jpg,-3531
IMG/001163.jpg,-3590
IMG/001164.jpg,-5296
IMG/001165.jpg,-5342
IMG/001166.jpg,-5396
IMG/001167.jpg,-7321
IMG/001168.jpg,-11725
IMG/001169.jpg,-13568
IMG/001170.jpg,-14196
IMG/001171.jpg,-14196
IMG/001172.jpg,-14196
IMG/001173.jpg,-14196
IMG/001174.jpg,-14256
IMG/001175.jpg,-15206
IMG/001176.jpg,-16058
IMG/001177.jpg,-16381
IMG/001178.jpg,-16453
IMG/001179.jpg,-18934
IMG/001180.jpg,-20774
IMG/001181.jpg,-23475
IMG/001182.jpg,-24232
IMG/001183.jpg,-24298
IMG/001184.jpg,-24298
IMG/001185.jpg,-24298
IMG/001186.jpg,-24298
IMG/001187.jpg,-24298
IMG/001188.jpg,-24378
IMG/001189.jpg,-24135
IMG/001190.jpg,-24464
IMG/001191.jpg,-24531
IMG/001192.jpg,-24531
IMG/001193.jpg,-24912
IMG/001194.jpg,-24992
IMG/001195.jpg,-25075
IMG/001196.jpg,-25075
IMG/001197.jpg,-26128
IMG/001198.jpg,-27397
IMG/001199.jpg,-27475
IMG/001200.jpg,-31139
IMG/001201.jpg,-32767
IMG/001202.jpg,-32767
IMG/001203.jpg,-32756
IMG/001204.jpg,-32251
IMG/001205.jpg,-31828
IMG/001206.jpg,-31352
IMG/001207.jpg,-31352
IMG/001208.jpg,-31352
IMG/001209.jpg,-31352
IMG/001210.jpg,-31352
IMG/001211.jpg,-31352
IMG/001212.jpg,-31833
IMG/001213.jpg,-31699
IMG/001214.jpg,-31503
IMG/001215.jpg,-31503
IMG/001216.jpg,-31503
IMG/001217.jpg,-27311
IMG/001218.jpg,-11469
IMG/001219.jpg,-8521
IMG/001220.jpg,-8332
IMG/001221.jpg,-10259
IMG/001222.jpg,-11976
IMG/001223.jpg,-13718
IMG/001224.jpg,-16024
IMG/001225.jpg,-12342
IMG/001226.jpg,0
IMG/001227.jpg,0
IMG/001228.jpg,0
IMG/001229.jpg,0
IMG/001230.jpg,0
IMG/001231.jpg,0
IMG/001232.jpg,3097
IMG/001233.jpg,6442
IMG/001234.jpg,6682
IMG/001235.jpg,3775
IMG/001236.jpg,1098
IMG/001237.jpg,1014
IMG/001238.jpg,0
IMG/001239.jpg,0
IMG/001240.jpg,0
IMG/001241.jpg,0
IMG/001242.jpg,0
IMG/001243.jpg,0
IMG/001244.jpg,0
IMG/001245.jpg,0
IMG/001246.jpg,0
IMG/001247.jpg,0
IMG/001248.jpg,0
IMG/001249.jpg,475
IMG/001250.jpg,833
IMG/001251.jpg,0
IMG/001252.jpg,0
IMG/001253.jpg,0
IMG/001254.jpg,0
IMG/001255.jpg,0
IMG/001256.jpg,0
IMG/001257.jpg,0
IMG/001258.jpg,0
IMG/001259.jpg,0
IMG/001260.jpg,0
IMG/001261.jpg,0
IMG/001262.jpg,-1306
IMG/001263.jpg,-7139
IMG/001264.jpg,-8147
IMG/001265.jpg,-10088
IMG/001266.jpg,-11748
IMG/001267.jpg,-11829
IMG/001268.jpg,-13268
IMG/001269.jpg,-18482
IMG/001270.jpg,-20341
IMG/001271.jpg,-22440
IMG/001272.jpg,-24252
IMG/001273.jpg,-32767
IMG/001274.jpg,-32767
IMG/001275.jpg,-32767
IMG/001276.jpg,-32767
IMG/001277.jpg,-32767
IMG/001278.jpg,-32767
IMG/001279.jpg,-32767
IMG/001280.jpg,-32767
IMG/001281.jpg,-32767
IMG/001282.jpg,-32767
IMG/001283.jpg,-32767
IMG/001284.jpg,-32767
IMG/001285.jpg,-32767
IMG/001286.jpg,-32767
IMG/001287.jpg,-32767
IMG/001288.jpg,-32767
IMG/001289.jpg,-32767
IMG/001290.jpg,-32767
IMG/001291.jpg,-32767
IMG/001292.jpg,-32767
IMG/001293.jpg,-32767
IMG/001294.jpg,-32767
IMG/001295.jpg,-31557
IMG/001296.jpg,-20243
IMG/001297.jpg,-18378
IMG/001298.jpg,-5434
IMG/001299.jpg,-5434
IMG/001300.jpg,-5621
IMG/001301.jpg,-6253
IMG/001302.jpg,-719
IMG/001303.jpg,0
IMG/001304.jpg,0
IMG/001305.jpg,0
IMG/001306.jpg,0
IMG/001307.jpg,0
IMG/001308.jpg,1626
IMG/001309.jpg,4561
IMG/001310.jpg,5013
IMG/001311.jpg,5013
IMG/001312.jpg,5013
IMG/001313.jpg,1949
IMG/001314.jpg,0
IMG/001315.jpg,0
IMG/001316.jpg,0
IMG/001317.jpg,0
IMG/001318.jpg,0
IMG/001319.jpg,0
IMG/001320.jpg,0
IMG/001321.jpg,0
IMG/001322.jpg,0
IMG/001323.jpg,0
IMG/001324.jpg,0
IMG/001325.jpg,0
IMG/001326.jpg,663
IMG/001327.jpg,2831
IMG/001328.jpg,3898
IMG/001329.jpg,3898
IMG/001330.jpg,3898
IMG/001331.jpg,4429
IMG/001332.jpg,15
IMG/001333.jpg,0
IMG/001334.jpg,0
IMG/001335.jpg,-9229
IMG/001336.jpg,-13016
IMG/001337.jpg,-14382
IMG/001338.jpg,-14774
IMG/001339.jpg,-14774
IMG/001340.jpg,-16874
IMG/001341.jpg,-19905
IMG/001342.jpg,-22622
IMG/001343.jpg,-24390
IMG/001344.jpg,-24976
IMG/001345.jpg,-31543
IMG/001346.jpg,-32767
IMG/001347.jpg,-32617
IMG/001348.jpg,-32617
IMG/001349.jpg,-31705
IMG/001350.jpg,-25852
IMG/001351.jpg,-25088
IMG/001352.jpg,-20123
IMG/001353.jpg,-18890
IMG/001354.jpg,-18435
IMG/001355.jpg,-18741
IMG/001356.jpg,-18741
IMG/001357.jpg,-18693
IMG/001358.jpg,-18826
IMG/001359.jpg,-19755
IMG/001360.jpg,-28513
IMG/001361.jpg,-30231
IMG/001362.jpg,-32767
IMG/001363.jpg,-32767
IMG/001364.jpg,-32767
IMG/001365.jpg,-32767
IMG/001366.jpg,-32767
IMG/001367.jpg,-32767
IMG/001368.jpg,-32767
IMG/001369.jpg,-32767
IMG/001370.jpg,-32767
IMG/001371.jpg,-32767
IMG/001372.jpg,-32767
IMG/001373.jpg,-32767
IMG/001374.jpg,-32767
IMG/001375.jpg,-32767
IMG/001376.jpg,-32767
IMG/001377.jpg,-32767
IMG/001378.jpg,-32767
IMG/001379.jpg,-32767
IMG/001380.jpg,-32767
IMG/001381.jpg,-32767
IMG/001382.jpg,-32767
IMG/001383.jpg,-32767
IMG/001384.jpg,-18205
IMG/001385.jpg,0
IMG/001386.jpg,0
IMG/001387.jpg,0
IMG/001388.jpg,0
IMG/001389.jpg,0
IMG/001390.jpg,0
IMG/001391.jpg,-379
IMG/001392.jpg,-2942
IMG/001393.jpg,-3100
IMG/001394.jpg,-3100
IMG/001395.jpg,-3100
IMG/001396.jpg,0
IMG/001397.jpg,0
IMG/001398.jpg,0
IMG/001399.jpg,0
IMG/001400.jpg,0
IMG/001401.jpg,0
IMG/001402.jpg,0
IMG/001403.jpg,0
IMG/001404.jpg,0
IMG/001405.jpg,0
IMG/001406.jpg,0
IMG/001407.jpg,0
IMG/001408.jpg,0
IMG/001409.jpg,0
IMG/001410.jpg,-40
IMG/001411.jpg,-1106
IMG/001412.jpg,-1183
IMG/001413.jpg,-1264
IMG/001414.jpg,-1264
IMG/001415.jpg,-1264
IMG/001416.jpg,-3151
IMG/001417.jpg,-3903
IMG/001418.jpg,-3854
IMG/001419.jpg,-3854
IMG/001420.jpg,-1887
IMG/001421.jpg,-2976
IMG/001422.jpg,-3058
IMG/001423.jpg,-3058
IMG/001424.jpg,-3058
IMG/001425.jpg,-14402
IMG/001426.jpg,-31999
IMG/001427.jpg,-32767
IMG/001428.jpg,-32767
IMG/001429.jpg,-32767
IMG/001430.jpg,-32767
IMG/001431.jpg,-11858
IMG/001432.jpg,-6560
IMG/001433.jpg,-5701
IMG/001434.jpg,-5847
IMG/001435.jpg,-7160
IMG/001436.jpg,-15509
IMG/001437.jpg,-23812
IMG/001438.jpg,-32359
IMG/001439.jpg,-32767
IMG/001440.jpg,-32767
IMG/001441.jpg,-32767
IMG/001442.jpg,-32767
IMG/001443.jpg,-32767
IMG/001444.jpg,-32767
IMG/001445.jpg,-32767
IMG/001446.jpg,-32767
IMG/001447.jpg,-32767
IMG/001448.jpg,-32767
IMG/001449.jpg,-32767
IMG/001450.jpg,-32767
IMG/001451.jpg,-32767
IMG/001452.jpg,-32767
IMG/001453.jpg,-32767
IMG/001454.jpg,-32767
IMG/001455.jpg,-32767
IMG/001456.jpg,-32767
IMG/001457.jpg,-32767
IMG/001458.jpg,-32767
IMG/001459.jpg,-31600
IMG/001460.jpg,-31063
IMG/001461.jpg,-31063
IMG/001462.jpg,-30889
IMG/001463.jpg,-28675
IMG/001464.jpg,-16673
IMG/001465.jpg,-7604
IMG/001466.jpg,0
IMG/001467.jpg,0
IMG/001468.jpg,0
IMG/001469.jpg,-410
IMG/001470.jpg,-3860
IMG/001471.jpg,-6827
IMG/001472.jpg,-6824
IMG/001473.jpg,-6824
IMG/001474.jpg,-5749
IMG/001475.jpg,-4270
IMG/001476.jpg,-3039
IMG/001477.jpg,0
IMG/001478.jpg,0
IMG/001479.jpg,0
IMG/001480.jpg,0
IMG/001481.jpg,0
IMG/001482.jpg,0
IMG/001483.jpg,0
IMG/001484.jpg,0
IMG/001485.jpg,0
IMG/001486.jpg,0
IMG/001487.jpg,0
IMG/001488.jpg,0
IMG/001489.jpg,0
IMG/001490.jpg,0
IMG/001491.jpg,0
IMG/001492.jpg,0
IMG/001493.jpg,0
IMG/001494.jpg,0
IMG/001495.jpg,0
IMG/001496.jpg,0
IMG/001497.jpg,0
IMG/001498.jpg,0
IMG/001499.jpg,0
IMG/001500.jpg,0
IMG/001501.jpg,0
IMG/001502.jpg,0
IMG/001503.jpg,0
IMG/001504.jpg,0
IMG/001505.jpg,-39
IMG/001506.jpg,-3000
IMG/001507.jpg,-10531
IMG/001508.jpg,-18346
IMG/001509.jpg,-23298
IMG/001510.jpg,-27092
IMG/001511.jpg,-27473
IMG/001512.jpg,-27473
IMG/001513.jpg,-27473
IMG/001514.jpg,-27473
IMG/001515.jpg,-27473
IMG/001516.jpg,-27473
IMG/001517.jpg,-27473
IMG/001518.jpg,-27473
IMG/001519.jpg,-27473
IMG/001520.jpg,-27473
IMG/001521.jpg,-30221
IMG/001522.jpg,-31295
IMG/001523.jpg,-32767
IMG/001524.jpg,-32767
IMG/001525.jpg,-32767
IMG/001526.jpg,-32767
IMG/001527.jpg,-32767
IMG/001528.jpg,-32767
IMG/001529.jpg,-32767
IMG/001530.jpg,-32767
IMG/001531.jpg,-32767
IMG/001532.jpg,-32767
IMG/001533.jpg,-32767
IMG/001534.jpg,-32767
IMG/001535.jpg,-31041
IMG/001536.jpg,-30176
IMG/001537.jpg,-26523
IMG/001538.jpg,-25552
IMG/001539.jpg,-25116
IMG/001540.jpg,-23368
IMG/001541.jpg,-19446
IMG/001542.jpg,-17590
IMG/001543.jpg,-14581
IMG/001544.jpg,-14388
IMG/001545.jpg,-25347
IMG/001546.jpg,-27200
IMG/001547.jpg,-27880
IMG/001548.jpg,-30012
IMG/001549.jpg,-30087
IMG/001550.jpg,-28953
IMG/001551.jpg,-27316
IMG/001552.jpg,-26327
IMG/001553.jpg,-23339
IMG/001554.jpg,-22959
IMG/001555.jpg,-19014
IMG/001556.jpg,-7585
IMG/001557.jpg,-3422
IMG/001558.jpg,0
IMG/001559.jpg,0
IMG/001560.jpg,0
IMG/001561.jpg,0
IMG/001562.jpg,0
IMG/001563.jpg,0
IMG/001564.jpg,0
IMG/001565.jpg,0
IMG/001566.jpg,0
IMG/001567.jpg,0
IMG/001568.jpg,0
IMG/001569.jpg,0
IMG/001570.jpg,0
IMG/001571.jpg,0
IMG/001572.jpg,0
IMG/001573.jpg,0
IMG/001574.jpg,0
IMG/001575.jpg,0
IMG/001576.jpg,0
IMG/001577.jpg,0
IMG/001578.jpg,0
IMG/001579.jpg,0
IMG/001580.jpg,0
IMG/001581.jpg,0
IMG/001582.jpg,0
IMG/001583.jpg,0
IMG/001584.jpg,0
IMG/001585.jpg,0
IMG/001586.jpg,0
IMG/001587.jpg,-9964
IMG/001588.jpg,-19807
IMG/001589.jpg,-22300
IMG/001590.jpg,-22382
IMG/001591.jpg,-22382
IMG/001592.jpg,-22382
IMG/001593.jpg,-22382
IMG/001594.jpg,-22382
IMG/001595.jpg,-22876
IMG/001596.jpg,-29695
IMG/001597.jpg,-31667
IMG/001598.jpg,-31745
IMG/001599.jpg,-31745
IMG/001600.jpg,-32331
IMG/001601.jpg,-32767
IMG/001602.jpg,-32767
IMG/001603.jpg,-32767
IMG/001604.jpg,-31737
IMG/001605.jpg,-31655
IMG/001606.jpg,-31655
IMG/001607.jpg,-31655
IMG/001608.jpg,-31655
IMG/001609.jpg,-31655
IMG/001610.jpg,-31655
IMG/001611.jpg,-31936
IMG/001612.jpg,-32767
IMG/001613.jpg,-32767
IMG/001614.jpg,-32767
IMG/001615.jpg,-32767
IMG/001616.jpg,-32767
IMG/001617.jpg,-28439
IMG/001618.jpg,-20661
IMG/001619.jpg,-19254
IMG/001620.jpg,-19175
IMG/001621.jpg,-19231
IMG/001622.jpg,-19374
IMG/001623.jpg,-19374
IMG/001624.jpg,-19374
IMG/001625.jpg,-19374
IMG/001626.jpg,-9107
IMG/001627.jpg,-4170
IMG/001628.jpg,0
IMG/001629.jpg,0
IMG/001630.jpg,0
IMG/001631.jpg,0
IMG/001632.jpg,0
IMG/001633.jpg,0
IMG/001634.jpg,0
IMG/001635.jpg,0
IMG/001636.jpg,0
IMG/001637.jpg,-18559
IMG/001638.jpg,-18559
IMG/001639.jpg,-18559
IMG/001640.jpg,-18559
IMG/001641.jpg,-18695
IMG/001642.jpg,-18695
IMG/001643.jpg,-18695
IMG/001644.jpg,-18695
IMG/001645.jpg,-19965
IMG/001646.jpg,-28317
IMG/001647.jpg,-30324
IMG/001648.jpg,-32767
IMG/001649.jpg,-32767
IMG/001650.jpg,-32767
IMG/001651.jpg,-32767
IMG/001652.jpg,-32767
IMG/001653.jpg,-32767
IMG/001654.jpg,-32767
IMG/001655.jpg,-32767
IMG/001656.jpg,-32767
IMG/001657.jpg,-32767
IMG/001658.jpg,-32767
IMG/001659.jpg,-32767
IMG/001660.jpg,-32767
IMG/001661.jpg,-32767
IMG/001662.jpg,-32767
IMG/001663.jpg,-32767
IMG/001664.jpg,-32767
IMG/001665.jpg,-32767
IMG/001666.jpg,-32767
IMG/001667.jpg,-32767
IMG/001668.jpg,-32767
IMG/001669.jpg,-32767
IMG/001670.jpg,-32767
IMG/001671.jpg,-32767
IMG/001672.jpg,-24907
IMG/001673.jpg,-15682
IMG/001674.jpg,-14282
IMG/001675.jpg,-10027
IMG/001676.jpg,-10619
IMG/001677.jpg,-17055
IMG/001678.jpg,-19783
IMG/001679.jpg,-7591
IMG/001680.jpg,-4098
IMG/001681.jpg,-887
IMG/001682.jpg,-626
IMG/001683.jpg,-626
IMG/001684.jpg,-3644
IMG/001685.jpg,-4688
IMG/001686.jpg,-7425
IMG/001687.jpg,-8421
IMG/001688.jpg,-8253
IMG/001689.jpg,-4071
IMG/001690.jpg,0
IMG/001691.jpg,0
IMG/001692.jpg,0
IMG/001693.jpg,0
IMG/001694.jpg,0
IMG/001695.jpg,0
IMG/001696.jpg,0
IMG/001697.jpg,0
IMG/001698.jpg,0
IMG/001699.jpg,0
IMG/001700.jpg,0
IMG/001701.jpg,0
IMG/001702.jpg,0
IMG/001703.jpg,0
IMG/001704.jpg,0
IMG/001705.jpg,0
IMG/001706.jpg,0
IMG/001707.jpg,0
IMG/001708.jpg,0
IMG/001709.jpg,0
IMG/001710.jpg,0
IMG/001711.jpg,0
IMG/001712.jpg,0
IMG/001713.jpg,0
IMG/001714.jpg,0
IMG/001715.jpg,0
IMG/001716.jpg,0
IMG/001717.jpg,0
IMG/001718.jpg,0
IMG/001719.jpg,0
IMG/001720.jpg,-138
IMG/001721.jpg,-4867
IMG/001722.jpg,-12966
IMG/001723.jpg,-14362
IMG/001724.jpg,-14662
IMG/001725.jpg,-14745
IMG/001726.jpg,-17835
IMG/001727.jpg,-24726
IMG/001728.jpg,-27240
IMG/001729.jpg,-27692
IMG/001730.jpg,-31089
IMG/001731.jpg,-32767
IMG/001732.jpg,-32767
IMG/001733.jpg,-32767
IMG/001734.jpg,-32767
IMG/001735.jpg,-32767
IMG/001736.jpg,-32767
IMG/001737.jpg,-32767
IMG/001738.jpg,-32767
IMG/001739.jpg,-32767
IMG/001740.jpg,-32767
IMG/001741.jpg,-32767
IMG/001742.jpg,-32767
IMG/001743.jpg,-32767
IMG/001744.jpg,-32767
IMG/001745.jpg,-32767
IMG/001746.jpg,-32767
IMG/001747.jpg,-32767
IMG/001748.jpg,-32767
IMG/001749.jpg,-32767
IMG/001750.jpg,-32767
IMG/001751.jpg,-32767
IMG/001752.jpg,-32767
IMG/001753.jpg,-22346
IMG/001754.jpg,-15856
IMG/001755.jpg,-12002
IMG/001756.jpg,-11541
IMG/001757.jpg,-13194
IMG/001758.jpg,-28388
IMG/001759.jpg,-27885
IMG/001760.jpg,-25610
IMG/001761.jpg,-25339
IMG/001762.jpg,-25339
IMG/001763.jpg,-25339
IMG/001764.jpg,-25888
IMG/001765.jpg,-25972
IMG/001766.jpg,-25019
IMG/001767.jpg,-8368
IMG/001768.jpg,-8368
IMG/001769.jpg,-8368
IMG/001770.jpg,-10059
IMG/001771.jpg,-10699
IMG/001772.jpg,-10420
IMG/001773.jpg,-5246
IMG/001774.jpg,0
IMG/001775.jpg,0
IMG/001776.jpg,0
IMG/001777.jpg,0
IMG/001778.jpg,0
IMG/001779.jpg,0
IMG/001780.jpg,0
IMG/001781.jpg,0
IMG/001782.jpg,0
IMG/001783.jpg,0
IMG/001784.jpg,0
IMG/001785.jpg,0
IMG/001786.jpg,-2599
IMG/001787.jpg,-2983
IMG/001788.jpg,-2983
IMG/001789.jpg,-788
IMG/001790.jpg,-599
IMG/001791.jpg,0
IMG/001792.jpg,0
IMG/001793.jpg,0
IMG/001794.jpg,0
IMG/001795.jpg,0
IMG/001796.jpg,0
IMG/001797.jpg,0
IMG/001798.jpg,0
IMG/001799.jpg,-2216
IMG/001800.jpg,-32767
IMG/001801.jpg,-32767
IMG/001802.jpg,-32767
IMG/001803.jpg,-32767
IMG/001804.jpg,-32767
IMG/001805.jpg,-32767
IMG/001806.jpg,-32767
IMG/001807.jpg,-32767
IMG/001808.jpg,-32767
IMG/001809.jpg,-29172
IMG/001810.jpg,-27383
IMG/001811.jpg,-23034
IMG/001812.jpg,-20437
IMG/001813.jpg,-20362
IMG/001814.jpg,-20362
IMG/001815.jpg,-20857
IMG/001816.jpg,-23148
IMG/001817.jpg,-24112
IMG/001818.jpg,-24836
IMG/001819.jpg,-24836
IMG/001820.jpg,-24836
IMG/001821.jpg,-24268
IMG/001822.jpg,-22964
IMG/001823.jpg,-23399
IMG/001824.jpg,-21130
IMG/001825.jpg,-17885
IMG/001826.jpg,-17455
IMG/001827.jpg,-17455
IMG/001828.jpg,-17455
IMG/001829.jpg,-17455
IMG/001830.jpg,-17186
IMG/001831.jpg,-24231
IMG/001832.jpg,-32767
IMG/001833.jpg,-32767
IMG/001834.jpg,-32767
IMG/001835.jpg,-32767
IMG/001836.jpg,-32767
IMG/001837.jpg,-32767
IMG/001838.jpg,-32767
IMG/001839.jpg,-32767
IMG/001840.jpg,-32767
IMG/001841.jpg,-32767
IMG/001842.jpg,-32767
IMG/001843.jpg,-32767
IMG/001844.jpg,-32767
IMG/001845.jpg,-32767
IMG/001846.jpg,-32767
IMG/001847.jpg,-32767
IMG/001848.jpg,-17479
IMG/001849.jpg,0
IMG/001850.jpg,0
IMG/001851.jpg,0
IMG/001852.jpg,0
IMG/001853.jpg,0
IMG/001854.jpg,0
IMG/001855.jpg,0
IMG/001856.jpg,-5836
IMG/001857.jpg,-11274
IMG/001858.jpg,-11868
IMG/001859.jpg,-5116
IMG/001860.jpg,-602
IMG/001861.jpg,0
